{
    "incremental": "on",
    "CompileProcesses": [
        "cgproc.19303.json"
    ],
    "stat": {
        "nQuads": 963,
        "mopSpeed": 177784.50821534041,
        "ru_self_cgstart": {
            "ru_maxrss_kb": 73704,
            "ru_utime_sec": 0.027137000000000001,
            "ru_stime_sec": 0.030269000000000001,
            "ru_minflt": 25860,
            "ru_nivcsw": 4,
            "ru_majflt": 0,
            "ru_nvcsw": 29
        },
        "peak_mem_kb": 288324,
        "ru_childs_cgstart": {
            "ru_maxrss_kb": 22076,
            "ru_utime_sec": 0.013143999999999999,
            "ru_stime_sec": 0.010831,
            "ru_minflt": 11177,
            "ru_nivcsw": 24,
            "ru_majflt": 0,
            "ru_nvcsw": 27
        },
        "nMops": 2348,
        "mop/quad": 2.4382139148494288,
        "cpu_cycles_cgstart": 5405577844460081,
        "realTime": 0.18513703346252441,
        "totalObjSize": 172686,
        "cpu_cycles_total": 611498151,
        "ru_self_end": {
            "ru_maxrss_kb": 84688,
            "ru_utime_sec": 0.040343999999999998,
            "ru_stime_sec": 0.037240000000000002,
            "ru_minflt": 29439,
            "ru_nivcsw": 6,
            "ru_majflt": 0,
            "ru_nvcsw": 29
        },
        "CodeGen(%)": 24.691519593179773,
        "ru_childs_end": {
            "ru_maxrss_kb": 22076,
            "ru_utime_sec": 0.013143999999999999,
            "ru_stime_sec": 0.010831,
            "ru_minflt": 11177,
            "ru_nivcsw": 24,
            "ru_majflt": 0,
            "ru_nvcsw": 27
        },
        "cpu_cycles_end": 5405577915018316,
        "outputSizePerQuad": 179.32087227414331,
        "quadSpeed": 72915.877943514817,
        "Frontend(%)": 75.308480406820223
    },
    "cycles_program_begin": 5405577303520165,
    "NameTable": {
        "std": [
            "std",
            "reYIK",
            "module",
            1
        ],
        "tb_mul_gen": [
            "tb_mul_gen",
            "YhtvA",
            "module",
            2
        ],
        "...MASTER...": [
            "SIM",
            "amcQw",
            "module",
            3
        ]
    },
    "PEModules": [],
    "perf": [
        {
            "stat": [
                "main",
                "entry",
                0.010157108306884766,
                0.015049,
                0.012038999999999999,
                216436,
                216436,
                0.0,
                0.0,
                1712659490.1015251,
                5405577303671786
            ],
            "sub": [
                {
                    "stat": [
                        "doParsingAndDesignResolution",
                        "entry",
                        0.11599302291870117,
                        0.015803000000000001,
                        0.016104,
                        272316,
                        273116,
                        0.0,
                        0.0,
                        1712659490.207361,
                        5405577673474456
                    ],
                    "sub": []
                },
                {
                    "stat": [
                        "doParsingAndDesignResolution",
                        "exit",
                        0.11892509460449219,
                        0.015803000000000001,
                        0.019036000000000001,
                        273208,
                        273856,
                        0.0,
                        0.0,
                        1712659490.2102931,
                        5405577683728975
                    ],
                    "sub": []
                },
                {
                    "stat": [
                        "doPostDesignResolutionToVir2Vcs",
                        "entry",
                        0.1190640926361084,
                        0.015803000000000001,
                        0.019175000000000001,
                        273208,
                        273856,
                        0.0,
                        0.0,
                        1712659490.2104321,
                        5405577684192966
                    ],
                    "sub": [
                        {
                            "stat": [
                                "doUptoVir2VcsNoSepCleanup",
                                "entry",
                                0.12090301513671875,
                                0.016452999999999999,
                                0.020364,
                                274348,
                                274352,
                                0.0,
                                0.0,
                                1712659490.212271,
                                5405577690625485
                            ],
                            "sub": []
                        },
                        {
                            "stat": [
                                "doUptoVir2VcsNoSepCleanup",
                                "exit",
                                0.14726114273071289,
                                0.025922000000000001,
                                0.029033,
                                275976,
                                288324,
                                0.0047949999999999998,
                                0.0035590000000000001,
                                1712659490.2386291,
                                5405577782746014
                            ],
                            "sub": []
                        },
                        {
                            "stat": [
                                "doRadify_vir2vcsAll",
                                "entry",
                                0.14729499816894531,
                                0.025937999999999999,
                                0.029051,
                                275976,
                                288324,
                                0.0047949999999999998,
                                0.0035590000000000001,
                                1712659490.238663,
                                5405577782836687
                            ],
                            "sub": []
                        },
                        {
                            "stat": [
                                "doRadify_vir2vcsAll",
                                "exit",
                                0.14876508712768555,
                                0.026689999999999998,
                                0.029769,
                                277000,
                                288324,
                                0.0047949999999999998,
                                0.0035590000000000001,
                                1712659490.240133,
                                5405577788003942
                            ],
                            "sub": []
                        }
                    ]
                },
                {
                    "stat": [
                        "doPostDesignResolutionToVir2Vcs",
                        "exit",
                        0.14878392219543457,
                        0.026699000000000001,
                        0.029780000000000001,
                        277000,
                        288324,
                        0.0047949999999999998,
                        0.0035590000000000001,
                        1712659490.2401519,
                        5405577788033264
                    ],