{
    "Modules": {
        "...MASTER...": {
            "nMops": 0,
            "start_perf": [
                0.1671299934387207,
                0.032361000000000001,
                0.027829,
                275556,
                288540,
                1712660146.5083311,
                5407871053320220
            ],
            "end_perf": [
                0.16961503028869629,
                0.032937000000000001,
                0.028545000000000001,
                277020,
                288540,
                5407871062015361,
                0,
                0
            ],
            "child_modules": {
                "tb_mul_gen": 1,
                "std": 1
            },
            "nQuads": 0,
            "nRouts": 5
        },
        "tb_mul_gen": {
            "start_perf": [
                0.17131400108337402,
                0.034361999999999997,
                0.028819000000000001,
                277032,
                288540,
                1712660146.5125151,
                5407871067932553
            ],
            "nMops": 2900,
            "end_perf": [
                0.18364596366882324,
                0.045304999999999998,
                0.030203000000000001,
                283144,
                288540,
                5407871111073214,
                30064771073,
                0
            ],
            "child_modules": {},
            "Compiled": "Yes",
            "Compiled Times": 2,
            "significant_routs": [
                [
                    18,
                    "R_VCSgd_YhtvA_12",
                    3170889,
                    2712,
                    729
                ]
            ],
            "nQuads": 1038,
            "nRouts": 34
        },
        "std": {
            "start_perf": [
                0.16964983940124512,
                0.032954999999999998,
                0.028561,
                277020,
                288540,
                1712660146.5108509,
                5407871062114254
            ],
            "nMops": 472,
            "svclass": [
                "$vcs_nba_dyn_obj",
                0,
                37,
                2,
                2,
                0,
                "sigprop$$",
                0,
                37,
                2,
                2,
                0,
                "process",
                0,
                184,
                8,
                8,
                0,
                "event",
                0,
                36,
                2,
                2,
                0,
                "mailbox",
                0,
                107,
                9,
                9,
                0,
                "semaphore",
                0,
                71,
                5,
                5,
                0
            ],
            "end_perf": [
                0.17129397392272949,
                0.034349999999999999,
                0.028809999999999999,
                277032,
                288540,
                5407871067883743,
                8589934594,
                0
            ],
            "child_modules": {},
            "Compiled": "Yes",
            "Compiled Times": 2,
            "nQuads": 218,
            "nRouts": 33
        }
    },
    "ObjArchives": [
        {
            "archive": "archive.1/_18894_archive_1.a",
            "objects": [
                [
                    "YhtvA_d.o",
                    22622
                ],
                [
                    "amcQwB.o",
                    106444
                ]
            ],
            "size": 129066
        }
    ],
    "reusePaths": {
        "reYIK_d": {
            "icPath": "csrc"
        },
        "amcQw_d": {
            "icPath": "csrc"
        }
    },
    "CompUnits": {
        "YhtvA_d": {
            "mod": "tb_mul_gen",
            "out": "YhtvA_d.o",
            "bytes": 22622,
            "mode": 4,
            "text": 9248,
            "checksum": 0,
            "archive": "archive.1/_18894_archive_1.a"
        }
    },
    "stat": {
        "peak_mem_kb": 288540,
        "ru_childs_end": {
            "ru_utime_sec": 0.007345,
            "ru_minflt": 11208,
            "ru_maxrss_kb": 22684,
            "ru_stime_sec": 0.016598000000000002,
            "ru_nvcsw": 26,
            "ru_majflt": 0,
            "ru_nivcsw": 24
        },
        "ru_self_end": {
            "ru_utime_sec": 0.049059999999999999,
            "ru_minflt": 28762,
            "ru_maxrss_kb": 83312,
            "ru_stime_sec": 0.031220000000000001,
            "ru_nvcsw": 29,
            "ru_majflt": 0,
            "ru_nivcsw": 6
        },
        "cpu_cycles_end": 5407871127737883
    }
}