{
    "incremental": "on",
    "cycles_program_begin": 5064936308703767,
    "stat": {
        "ru_self_cgstart": {
            "ru_nvcsw": 28,
            "ru_majflt": 0,
            "ru_utime_sec": 0.031605000000000001,
            "ru_stime_sec": 0.024230999999999999,
            "ru_maxrss_kb": 73492,
            "ru_nivcsw": 4,
            "ru_minflt": 25359
        },
        "nQuads": 860,
        "ru_childs_cgstart": {
            "ru_nvcsw": 25,
            "ru_majflt": 0,
            "ru_utime_sec": 0.012345999999999999,
            "ru_stime_sec": 0.006894,
            "ru_maxrss_kb": 22088,
            "ru_nivcsw": 22,
            "ru_minflt": 10618
        },
        "mopSpeed": 146003.08302136097,
        "Frontend(%)": 76.338277694792794,
        "cpu_cycles_cgstart": 5064936818058270,
        "totalObjSize": 125290,
        "nMops": 1989,
        "cpu_cycles_end": 5064936885051125,
        "ru_self_end": {
            "ru_nvcsw": 29,
            "ru_majflt": 0,
            "ru_utime_sec": 0.045227999999999997,
            "ru_stime_sec": 0.028399000000000001,
            "ru_maxrss_kb": 82584,
            "ru_nivcsw": 5,
            "ru_minflt": 28714
        },
        "peak_mem_kb": 288516,
        "ru_childs_end": {
            "ru_nvcsw": 26,
            "ru_majflt": 0,
            "ru_utime_sec": 0.012345999999999999,
            "ru_stime_sec": 0.0099059999999999999,
            "ru_maxrss_kb": 22484,
            "ru_nivcsw": 24,
            "ru_minflt": 11208
        },
        "cpu_cycles_total": 576347358,
        "quadSpeed": 63128.532628642752,
        "mop/quad": 2.3127906976744188,
        "outputSizePerQuad": 145.68604651162789,
        "CodeGen(%)": 23.661722305207206,
        "realTime": 0.17561817169189453
    },
    "perf": [
        {
            "stat": [
                "main",
                "entry",
                0.010696172714233398,
                0.018859999999999998,
                0.010919,
                216436,
                216436,
                0.0,
                0.0,
                1712562008.1951721,
                5064936308852016
            ],
            "sub": [
                {
                    "stat": [
                        "doParsingAndDesignResolution",
                        "entry",
                        0.1166222095489502,
                        0.019848000000000001,
                        0.014886,
                        272316,
                        273116,
                        0.0,
                        0.0,
                        1712562008.3010981,
                        5064936678971237
                    ],
                    "sub": []
                },
                {
                    "stat": [
                        "doParsingAndDesignResolution",
                        "exit",
                        0.11931920051574707,
                        0.021885999999999999,
                        0.015545,
                        273172,
                        273820,
                        0.0,
                        0.0,
                        1712562008.3037951,
                        5064936688403706
                    ],
                    "sub": []
                },
                {
                    "stat": [
                        "doPostDesignResolutionToVir2Vcs",
                        "entry",
                        0.11942911148071289,
                        0.021885999999999999,
                        0.015654999999999999,
                        273172,
                        273820,
                        0.0,
                        0.0,
                        1712562008.303905,
                        5064936688763100
                    ],
                    "sub": [
                        {
                            "stat": [
                                "doUptoVir2VcsNoSepCleanup",
                                "entry",
                                0.12101006507873535,
                                0.023071999999999999,
                                0.016049999999999998,
                                274364,
                                274368,
                                0.0,
                                0.0,
                                1712562008.305486,
                                5064936694296245
                            ],
                            "sub": []
                        },
                        {
                            "stat": [
                                "doUptoVir2VcsNoSepCleanup",
                                "exit",
                                0.1375730037689209,
                                0.026276999999999998,
                                0.022234,
                                276160,
                                288516,
                                0.0032850000000000002,
                                0.0040590000000000001,
                                1712562008.3220489,
                                5064936752200323
                            ],
                            "sub": []
                        },
                        {
                            "stat": [
                                "doRadify_vir2vcsAll",
                                "entry",
                                0.13760709762573242,
                                0.026294999999999999,
                                0.022249999999999999,
                                276160,
                                288516,
                                0.0032850000000000002,
                                0.0040590000000000001,
                                1712562008.322083,
                                5064936752280403
                            ],
                            "sub": []
                        },
                        {
                            "stat": [
                                "doRadify_vir2vcsAll",
                                "exit",
                                0.14396905899047852,
                                0.031210000000000002,
                                0.023675999999999999,
                                277056,
                                288516,
                                0.0032850000000000002,
                                0.0040590000000000001,
                                1712562008.328445,
                                5064936774551874
                            ],
                            "sub": []
                        }
                    ]
                },
                {
                    "stat": [
                        "doPostDesignResolutionToVir2Vcs",
                        "exit",
                        0.14399003982543945,
                        0.031223000000000001,
                        0.023685999999999999,
                        277056,
                        288516,
                        0.0032850000000000002,
                        0.0040590000000000001,
                        1712562008.3284659,
                        5064936774582276
                    ],
                    "sub": []
                },
                {
                    "stat": [
                        "doGAToPass2",
                        "entry",
                        0.14399814605712891,
                        0.031227000000000001,
                        0.023689000000000002,
                        277056,
                        288516,
                        0.0032850000000000002,
                        0.0040590000000000001,
                        1712562008.328474,
                        5064936774603588
                    ],